job_name,run_start_timestamp,run_end_timestamp,status
job1,17/06/2020,17/06/2020,complete
job2,17/06/2020,17/06/2020,complete
job3,17/06/2020,17/06/2020,complete
job4,17/06/2020,17/06/2020,complete
job5,17/06/2020,17/06/2020,complete
job6,17/06/2020,17/06/2020,complete
job1,25/06/2020,25/06/2020,complete
job2,25/06/2020,25/06/2020,complete
job3,25/06/2020,25/06/2020,complete
job4,25/06/2020,25/06/2020,complete
job1,25/06/2020,25/06/2020,complete
job2,25/06/2020,25/06/2020,complete
job3,25/06/2020,25/06/2020,complete
job4,25/06/2020,25/06/2020,complete
